name,place,lat,lng,story,photos,heading,pitch,pano,embed
"Where you were forty minutes late","Markthal, Rotterdam",51.9200,4.4879,"You blamed the metro.

I found out *two years later* there was no metro problem. I'd have waited longer.","markthal.jpg, markthal-2.jpg",215,,,
"The bench that decided things","Kralingse Plas",51.9346,4.5145,"We sat here until it got cold and neither of us said anything about going home.

You still claim you weren't cold. You were *shaking*.","bench.jpg",,,false,
"Meeting your parents","Utrecht",52.0907,5.1214,"Your father asked me three questions. Your mother asked me thirty.

I preferred *your mother's* approach.",,90,8,,
